feature,original_mean,original_std,scaled_mean,scaled_std
LIMIT_BAL,167364.66666666666,129508.61497041638,-2.5431315e-09,1.0
SEX,1.60475,0.4889043234621677,1.2318293e-08,1.0
EDUCATION,1.8537916666666667,0.7923581618164997,-1.2715657e-09,0.99999994
MARRIAGE,1.552875,0.5218916564208195,-2.9325486e-08,1.0
AGE,35.432625,9.19506447010433,4.371007e-09,1.0
PAY_0,-0.014125,1.1231319977522678,-9.536743e-09,1.0
PAY_2,-0.13408333333333333,1.1987931402271017,2.2093454e-08,1.0
PAY_3,-0.16691666666666666,1.1941407621056332,6.198883e-09,1.0
PAY_4,-0.22133333333333333,1.1618999765709421,1.0569891e-08,1.0
PAY_5,-0.2703333333333333,1.125168086208555,5.8809917e-09,1.0
PAY_6,-0.29333333333333333,1.1454426606726715,-1.2874604e-08,1.0
BILL_AMT1,51100.50225,73508.50058524577,3.2583873e-09,1.0
BILL_AMT2,49012.267583333334,70838.62655922779,-3.973643e-10,1.0
BILL_AMT3,46861.88008333333,68402.50859476234,1.8278757e-09,1.0
BILL_AMT4,43156.661458333336,64045.396557310014,1.4305115e-09,1.0
BILL_AMT5,40164.412625,60626.58751820057,1.5894572e-10,0.99999994
BILL_AMT6,38675.979875,59307.50221618301,-1.4305115e-09,1.0
PAY_AMT1,5623.556291666667,16147.980218779103,2.5431315e-09,1.0
PAY_AMT2,5879.974916666667,20252.561247174086,3.1789144e-10,1.0
PAY_AMT3,5215.7775833333335,17513.189605688076,-1.4305115e-09,1.0
PAY_AMT4,4790.331833333334,15060.379817481475,-2.384186e-10,1.0
PAY_AMT5,4769.94175,15048.15689227777,-1.5894572e-09,1.0
PAY_AMT6,5229.9055,17849.975089088213,-4.1325885e-09,1.0
