epoch,train_loss,train_top1,train_top5,val_loss,val_top1,val_top5,seconds
1,1.6976484835051666,0.3444170396760147,0.8628848086233671,1.2846648319965883,0.5126050420168067,0.9616368286445013,40.711335900006816
2,1.2591009471460104,0.5047349349897994,0.9620900703389056,1.0316980176990584,0.6105224698575082,0.9817318231640483,40.979657100047916
3,1.0292159769647664,0.5928260406199568,0.9772540422033433,0.8196776847922981,0.690537084398977,0.990013396663013,40.92365160002373
4,0.8531516615774051,0.6670320635790628,0.9866934624402424,0.6582924378018419,0.7510656436487638,0.9943977591036415,41.43068220000714
5,0.7357678193210927,0.7205322615023904,0.9916263207575896,0.5745372021260701,0.7855316039459262,0.9958592132505176,40.95671939989552
6,0.6603406708291545,0.7481806278736944,0.9932097073779727,0.5261727633407731,0.7979539641943734,0.9970770917062477,40.78151890006848
7,0.6078525357587463,0.7659632776103041,0.9944276970859596,0.4792202898989553,0.8117159907441237,0.9969553038606747,40.55105560016818
8,0.5627163182926477,0.7838981760604123,0.9954934380804482,0.4813387900384012,0.8107416879795396,0.9967117281695287,41.286460699979216
9,0.535582716970967,0.7970829146493712,0.9956456867939466,0.43068912520237024,0.8419193764462307,0.9975642430885397,41.19631360005587
10,0.5031839137314581,0.8091714625011419,0.9963155811333394,0.396931440636267,0.866642309097552,0.9978078187796858,41.00907429982908
11,0.4778373691930481,0.819067628878536,0.9966809780457355,0.37839795450423963,0.8628668858847887,0.9981731823164048,40.93898229999468
12,0.4579088649873608,0.8296032398526233,0.9967418775311349,0.3623908680808441,0.865546218487395,0.9980513944708318,41.45544750010595
13,0.43264481250596776,0.8406869461953046,0.9971986236716299,0.3351096799881838,0.8841797588600657,0.9976860309341128,41.124854299938306
14,0.4108701716430265,0.8504917633445997,0.997107274443531,0.31972466266292443,0.8909998782121544,0.9984167580075508,40.96749920002185
15,0.3937031409996791,0.8564903626564355,0.9977467190402242,0.3127806815560923,0.8950188771160639,0.9982949701619779,41.60496919997968
16,0.3686166949957443,0.8657470844371365,0.9975944703267258,0.29140721404188413,0.9018389964681525,0.9980513944708318,41.03106359997764
17,0.3601861205422186,0.8691879053621997,0.997472671355927,0.25303830667575244,0.9148702959444648,0.9984167580075508,40.77993209986016
18,0.3480922074230234,0.875886848756128,0.9976553698121251,0.24756288373233296,0.9137742053343076,0.9985385458531238,40.7672172000166
19,0.327135727697464,0.8817331993544655,0.9983252641515179,0.2707180272773745,0.9082937522835222,0.9982949701619779,41.02494190004654
20,0.3133690972583876,0.8896805821990804,0.998507962607716,0.22148645625372249,0.9251004749725977,0.9987821215442699,40.79008059995249
21,0.30915876664459496,0.8905027252519716,0.9980512164672208,0.24489047641580874,0.9153574473267568,0.9985385458531238,40.84741580020636
22,0.2893335744577786,0.8977193142717944,0.9985688620931154,0.20942298654340286,0.9285105346486421,0.9986603336986969,40.6631368000526
23,0.28607455906444446,0.8993027008921775,0.998507962607716,0.18979946458640765,0.9398368042869322,0.9989039093898429,40.86550999991596
24,0.27318436530797874,0.9018604792789501,0.9987211108066136,0.1900258334018966,0.9332602606259895,0.9991474850809889,40.95005489978939
25,0.2627717558825293,0.9062756919704028,0.9985384123504156,0.19139045953678926,0.9363049567653148,0.9986603336986969,40.78668470005505
26,0.25518681500945894,0.9076459303918882,0.9985688620931154,0.1635410079076154,0.9469004993301668,0.9990256972354159,40.86158249992877
27,0.2431754477548743,0.9127614871654335,0.9989038092628117,0.16486115736274143,0.9481183777858969,0.9991474850809889,40.23481829999946
28,0.2361837301340555,0.9159587101488993,0.9990865077190098,0.15794590480159232,0.9475094385580319,0.9991474850809889,38.98298169998452
29,0.22916065848770997,0.9186991869918699,0.9990256082336104,0.2178402685140278,0.9264401412739008,0.9990256972354159,38.802729699993506
30,0.2204131398311773,0.9215919125483389,0.9992083066898084,0.13599534560938167,0.9537206186822555,0.9991474850809889,39.00106959999539
