test_index,true_class,predicted_class,correct,confidence,zero_cam,outer_10_percent_cam_mass
1,bladder,bladder,True,0.9999998807907104,False,0.2418416440486908
127,bladder,liver,False,0.9999725818634033,False,0.3438299000263214
47,femur-left,femur-left,True,0.9999392032623291,False,0.575620174407959
334,femur-left,bladder,False,0.5681315064430237,False,0.08469673246145248
26,femur-right,femur-right,True,0.9999998807907104,False,0.15021198987960815
887,femur-right,liver,False,0.9957595467567444,False,0.40527233481407166
81,heart,heart,True,1.0,False,0.7965739965438843
952,heart,spleen,False,0.7335233092308044,False,0.4814482033252716
10,kidney-left,kidney-left,True,0.6557198762893677,False,0.638159453868866
0,kidney-left,pancreas,False,0.946316659450531,False,0.570217490196228
4,kidney-right,kidney-right,True,1.0,False,0.39407673478126526
18,kidney-right,kidney-left,False,0.6763033270835876,False,0.47431308031082153
3,liver,liver,True,0.9999443292617798,False,0.639680027961731
217,liver,heart,False,0.9999371767044067,False,0.4242204427719116
7,lung-left,lung-left,True,1.0,False,0.497726708650589
1175,lung-left,lung-right,False,0.9015706181526184,False,0.6254125237464905
2,lung-right,lung-right,True,1.0,False,0.776904821395874
1293,lung-right,liver,False,0.8941205143928528,False,0.41276025772094727
34,pancreas,pancreas,True,0.9999982118606567,False,0.3902433514595032
170,pancreas,kidney-right,False,0.5620138049125671,False,0.6245155334472656
19,spleen,spleen,True,1.0,False,0.7458147406578064
72,spleen,kidney-left,False,0.9050770401954651,False,0.5872503519058228
