fold,split,class,count
1,train,bladder,1822
1,train,femur-left,1298
1,train,femur-right,1266
1,train,heart,1493
1,train,kidney-left,3625
1,train,kidney-right,3563
1,train,liver,5757
1,train,lung-left,3961
1,train,lung-right,3951
1,train,pancreas,2848
1,train,spleen,3257
1,val,bladder,455
1,val,femur-left,325
1,val,femur-right,316
1,val,heart,373
1,val,kidney-left,906
1,val,kidney-right,891
1,val,liver,1440
1,val,lung-left,991
1,val,lung-right,987
1,val,pancreas,712
1,val,spleen,815
2,train,bladder,1822
2,train,femur-left,1298
2,train,femur-right,1266
2,train,heart,1492
2,train,kidney-left,3624
2,train,kidney-right,3563
2,train,liver,5757
2,train,lung-left,3962
2,train,lung-right,3951
2,train,pancreas,2848
2,train,spleen,3258
2,val,bladder,455
2,val,femur-left,325
2,val,femur-right,316
2,val,heart,374
2,val,kidney-left,907
2,val,kidney-right,891
2,val,liver,1440
2,val,lung-left,990
2,val,lung-right,987
2,val,pancreas,712
2,val,spleen,814
3,train,bladder,1821
3,train,femur-left,1299
3,train,femur-right,1265
3,train,heart,1493
3,train,kidney-left,3625
3,train,kidney-right,3563
3,train,liver,5758
3,train,lung-left,3962
3,train,lung-right,3950
3,train,pancreas,2848
3,train,spleen,3258
3,val,bladder,456
3,val,femur-left,324
3,val,femur-right,317
3,val,heart,373
3,val,kidney-left,906
3,val,kidney-right,891
3,val,liver,1439
3,val,lung-left,990
3,val,lung-right,988
3,val,pancreas,712
3,val,spleen,814
4,train,bladder,1821
4,train,femur-left,1299
4,train,femur-right,1265
4,train,heart,1493
4,train,kidney-left,3625
4,train,kidney-right,3563
4,train,liver,5758
4,train,lung-left,3962
4,train,lung-right,3950
4,train,pancreas,2848
4,train,spleen,3258
4,val,bladder,456
4,val,femur-left,324
4,val,femur-right,317
4,val,heart,373
4,val,kidney-left,906
4,val,kidney-right,891
4,val,liver,1439
4,val,lung-left,990
4,val,lung-right,988
4,val,pancreas,712
4,val,spleen,814
5,train,bladder,1822
5,train,femur-left,1298
5,train,femur-right,1266
5,train,heart,1493
5,train,kidney-left,3625
5,train,kidney-right,3564
5,train,liver,5758
5,train,lung-left,3961
5,train,lung-right,3950
5,train,pancreas,2848
5,train,spleen,3257
5,val,bladder,455
5,val,femur-left,325
5,val,femur-right,316
5,val,heart,373
5,val,kidney-left,906
5,val,kidney-right,890
5,val,liver,1439
5,val,lung-left,991
5,val,lung-right,988
5,val,pancreas,712
5,val,spleen,815
